Unnamed: 0,image,classes
0,0.jpeg,total_loss
1,1.jpeg,head_lamp
2,2.jpeg,door_scratch
3,3.jpeg,head_lamp
4,4.jpeg,no_damage
5,5.jpeg,total_loss
6,6.jpeg,glass_shatter
7,7.jpeg,total_loss
8,8.jpeg,tail_lamp
9,9.jpeg,bumper_dent
10,10.jpeg,door_scratch
11,11.jpeg,bumper_dent
12,12.jpeg,door_dent
13,13.jpeg,door_dent
14,14.jpeg,glass_shatter
15,15.jpeg,total_loss
16,16.jpeg,head_lamp
17,17.jpeg,bumper_dent
18,18.jpeg,glass_shatter
19,19.jpeg,total_loss
20,20.jpeg,door_dent
21,21.jpeg,head_lamp
22,22.jpeg,door_dent
23,23.jpeg,tail_lamp
24,24.jpeg,door_dent
25,25.jpeg,total_loss
26,26.jpeg,glass_shatter
27,27.jpeg,bumper_scratch
28,28.jpeg,no_damage
29,29.jpeg,door_scratch
30,30.jpeg,tail_lamp
31,31.jpeg,total_loss
32,32.jpeg,door_scratch
33,33.jpeg,total_loss
34,34.jpeg,tail_lamp
35,35.jpeg,no_damage
36,36.jpeg,head_lamp
37,37.jpeg,no_damage
38,38.jpeg,no_damage
39,39.jpeg,door_dent
40,40.jpeg,total_loss
41,41.jpeg,bumper_dent
42,42.jpeg,door_scratch
43,43.jpeg,no_damage
44,44.jpeg,door_scratch
45,45.jpeg,door_dent
46,46.jpeg,bumper_dent
47,47.jpeg,glass_shatter
48,48.jpeg,no_damage
49,49.jpeg,bumper_dent
50,50.jpeg,door_dent
51,51.jpeg,door_scratch
52,52.jpeg,tail_lamp
53,53.jpeg,total_loss
54,54.jpeg,no_damage
55,55.jpeg,door_dent
56,56.jpeg,bumper_scratch
57,57.jpeg,no_damage
58,58.jpeg,door_dent
59,59.jpeg,total_loss
60,60.jpeg,door_dent
61,61.jpeg,total_loss
62,62.jpeg,total_loss
63,63.jpeg,door_scratch
64,64.jpeg,tail_lamp
65,65.jpeg,tail_lamp
66,66.jpeg,glass_shatter
67,67.jpeg,glass_shatter
68,68.jpeg,glass_shatter
69,69.jpeg,total_loss
70,70.jpeg,door_dent
71,71.jpeg,no_damage
72,72.jpeg,head_lamp
73,73.jpeg,no_damage
74,74.jpeg,total_loss
75,75.jpeg,no_damage
76,76.jpeg,no_damage
77,77.jpeg,glass_shatter
78,78.jpeg,door_dent
79,79.jpeg,no_damage
80,80.jpeg,no_damage
81,81.jpeg,no_damage
82,82.jpeg,total_loss
83,83.jpeg,bumper_dent
84,84.jpeg,no_damage
85,85.jpeg,glass_shatter
86,86.jpeg,bumper_dent
87,87.jpeg,bumper_dent
88,88.jpeg,door_dent
89,89.jpeg,door_scratch
90,90.jpeg,bumper_scratch
91,91.jpeg,no_damage
92,92.jpeg,bumper_dent
93,93.jpeg,door_dent
94,94.jpeg,total_loss
95,95.jpeg,tail_lamp
96,96.jpeg,total_loss
97,97.jpeg,head_lamp
98,98.jpeg,door_scratch
99,99.jpeg,no_damage
100,100.jpeg,door_dent
101,101.jpeg,no_damage
102,102.jpeg,bumper_scratch
103,103.jpeg,bumper_dent
104,104.jpeg,no_damage
105,105.jpeg,door_scratch
106,106.jpeg,door_scratch
107,107.jpeg,no_damage
108,108.jpeg,glass_shatter
109,109.jpeg,glass_shatter
110,110.jpeg,bumper_dent
111,111.jpeg,bumper_dent
112,112.jpeg,door_scratch
113,113.jpeg,no_damage
114,114.jpeg,total_loss
115,115.jpeg,door_scratch
116,116.jpeg,no_damage
117,117.jpeg,head_lamp
118,118.jpeg,total_loss
119,119.jpeg,no_damage
120,120.jpeg,no_damage
121,121.jpeg,tail_lamp
122,122.jpeg,door_dent
123,123.jpeg,total_loss
124,124.jpeg,door_scratch
125,125.jpeg,door_scratch
126,126.jpeg,no_damage
127,127.jpeg,no_damage
128,128.jpeg,total_loss
129,129.jpeg,tail_lamp
130,130.jpeg,no_damage
131,131.jpeg,total_loss
132,132.jpeg,no_damage
133,133.jpeg,bumper_dent
134,134.jpeg,no_damage
135,135.jpeg,door_scratch
136,136.jpeg,door_dent
137,137.jpeg,bumper_scratch
138,138.jpeg,no_damage
139,139.jpeg,door_scratch
140,140.jpeg,bumper_scratch
141,141.jpeg,glass_shatter
142,142.jpeg,no_damage
143,143.jpeg,head_lamp
144,144.jpeg,head_lamp
145,145.jpeg,door_dent
146,146.jpeg,door_scratch
147,147.jpeg,door_scratch
148,148.jpeg,tail_lamp
149,149.jpeg,no_damage
150,150.jpeg,head_lamp
151,151.jpeg,door_dent
152,152.jpeg,glass_shatter
153,153.jpeg,bumper_dent
154,154.jpeg,total_loss
155,155.jpeg,no_damage
156,156.jpeg,glass_shatter
157,157.jpeg,total_loss
158,158.jpeg,door_dent
159,159.jpeg,bumper_dent
160,160.jpeg,total_loss
161,161.jpeg,tail_lamp
162,162.jpeg,total_loss
163,163.jpeg,head_lamp
164,164.jpeg,bumper_dent
165,165.jpeg,glass_shatter
166,166.jpeg,door_dent
167,167.jpeg,no_damage
168,168.jpeg,no_damage
169,169.jpeg,door_scratch
170,170.jpeg,no_damage
171,171.jpeg,tail_lamp
172,172.jpeg,bumper_scratch
173,173.jpeg,door_scratch
174,174.jpeg,door_scratch
175,175.jpeg,bumper_scratch
176,176.jpeg,no_damage
177,177.jpeg,total_loss
178,178.jpeg,glass_shatter
179,179.jpeg,tail_lamp
180,180.jpeg,no_damage
181,181.jpeg,door_scratch
182,182.jpeg,no_damage
183,183.jpeg,bumper_dent
184,184.jpeg,tail_lamp
185,185.jpeg,glass_shatter
186,186.jpeg,head_lamp
187,187.jpeg,glass_shatter
188,188.jpeg,door_scratch
189,189.jpeg,tail_lamp
190,190.jpeg,no_damage
191,191.jpeg,no_damage
192,192.jpeg,door_dent
193,193.jpeg,door_dent
194,194.jpeg,door_dent
195,195.jpeg,glass_shatter
196,196.jpeg,glass_shatter
197,197.jpeg,door_scratch
198,198.jpeg,no_damage
199,199.jpeg,no_damage
200,200.jpeg,door_dent
201,201.jpeg,door_dent
202,202.jpeg,tail_lamp
203,203.jpeg,door_dent
204,204.jpeg,door_dent
205,205.jpeg,no_damage
206,206.jpeg,head_lamp
207,207.jpeg,bumper_scratch
208,208.jpeg,tail_lamp
209,209.jpeg,bumper_dent
210,210.jpeg,glass_shatter
211,211.jpeg,no_damage
212,212.jpeg,head_lamp
213,213.jpeg,door_dent
214,214.jpeg,bumper_dent
215,215.jpeg,no_damage
216,216.jpeg,total_loss
217,217.jpeg,door_dent
218,218.jpeg,door_scratch
219,219.jpeg,door_scratch
220,220.jpeg,glass_shatter
221,221.jpeg,head_lamp
222,222.jpeg,bumper_dent
223,223.jpeg,bumper_scratch
224,224.jpeg,door_dent
225,225.jpeg,no_damage
226,226.jpeg,glass_shatter
227,227.jpeg,total_loss
228,228.jpeg,no_damage
229,229.jpeg,no_damage
230,230.jpeg,no_damage
231,231.jpeg,total_loss
232,232.jpeg,bumper_scratch
233,233.jpeg,door_dent
234,234.jpeg,bumper_dent
235,235.jpeg,door_scratch
236,236.jpeg,tail_lamp
237,237.jpeg,glass_shatter
238,238.jpeg,no_damage
239,239.jpeg,door_dent
240,240.jpeg,no_damage
241,241.jpeg,no_damage
242,242.jpeg,total_loss
243,243.jpeg,no_damage
244,244.jpeg,bumper_scratch
245,245.jpeg,glass_shatter
246,246.jpeg,no_damage
247,247.jpeg,tail_lamp
248,248.jpeg,bumper_dent
249,249.jpeg,tail_lamp
250,250.jpeg,no_damage
251,251.jpeg,total_loss
252,252.jpeg,no_damage
253,253.jpeg,glass_shatter
254,254.jpeg,no_damage
255,255.jpeg,total_loss
256,256.jpeg,glass_shatter
257,257.jpeg,total_loss
258,258.jpeg,no_damage
259,259.jpeg,door_dent
260,260.jpeg,bumper_scratch
261,261.jpeg,door_dent
262,262.jpeg,no_damage
263,263.jpeg,bumper_scratch
264,264.jpeg,no_damage
265,265.jpeg,no_damage
266,266.jpeg,head_lamp
267,267.jpeg,bumper_scratch
268,268.jpeg,no_damage
269,269.jpeg,no_damage
270,270.jpeg,no_damage
271,271.jpeg,total_loss
272,272.jpeg,total_loss
273,273.jpeg,total_loss
274,274.jpeg,tail_lamp
275,275.jpeg,head_lamp
276,276.jpeg,door_scratch
277,277.jpeg,door_dent
278,278.jpeg,total_loss
279,279.jpeg,head_lamp
280,280.jpeg,door_dent
281,281.jpeg,door_dent
282,282.jpeg,head_lamp
283,283.jpeg,head_lamp
284,284.jpeg,glass_shatter
285,285.jpeg,tail_lamp
286,286.jpeg,glass_shatter
287,287.jpeg,total_loss
288,288.jpeg,bumper_dent
289,289.jpeg,door_scratch
290,290.jpeg,glass_shatter
291,291.jpeg,total_loss
292,292.jpeg,bumper_scratch
293,293.jpeg,total_loss
294,294.jpeg,total_loss
295,295.jpeg,bumper_scratch
296,296.jpeg,bumper_scratch
297,297.jpeg,total_loss
298,298.jpeg,total_loss
299,299.jpeg,tail_lamp
300,300.jpeg,no_damage
301,301.jpeg,door_dent
302,302.jpeg,door_dent
303,303.jpeg,door_dent
304,304.jpeg,door_scratch
305,305.jpeg,glass_shatter
306,306.jpeg,bumper_scratch
307,307.jpeg,bumper_dent
308,308.jpeg,bumper_dent
309,309.jpeg,no_damage
310,310.jpeg,tail_lamp
311,311.jpeg,door_scratch
312,312.jpeg,no_damage
313,313.jpeg,total_loss
314,314.jpeg,head_lamp
315,315.jpeg,total_loss
316,316.jpeg,door_dent
317,317.jpeg,door_scratch
318,318.jpeg,head_lamp
319,319.jpeg,tail_lamp
320,320.jpeg,door_dent
321,321.jpeg,head_lamp
322,322.jpeg,total_loss
323,323.jpeg,door_dent
324,324.jpeg,bumper_dent
325,325.jpeg,tail_lamp
326,326.jpeg,no_damage
327,327.jpeg,bumper_scratch
328,328.jpeg,total_loss
329,329.jpeg,door_scratch
330,330.jpeg,total_loss
331,331.jpeg,total_loss
332,332.jpeg,door_dent
333,333.jpeg,no_damage
334,334.jpeg,door_dent
335,335.jpeg,head_lamp
336,336.jpeg,no_damage
337,337.jpeg,no_damage
338,338.jpeg,door_scratch
339,339.jpeg,total_loss
340,340.jpeg,bumper_scratch
341,341.jpeg,door_scratch
342,342.jpeg,no_damage
343,343.jpeg,no_damage
344,344.jpeg,total_loss
345,345.jpeg,total_loss
346,346.jpeg,bumper_dent
347,347.jpeg,door_scratch
348,348.jpeg,no_damage
349,349.jpeg,no_damage
350,350.jpeg,glass_shatter
351,351.jpeg,head_lamp
352,352.jpeg,no_damage
353,353.jpeg,head_lamp
354,354.jpeg,door_dent
355,355.jpeg,no_damage
356,356.jpeg,no_damage
357,357.jpeg,no_damage
358,358.jpeg,door_dent
359,359.jpeg,bumper_dent
360,360.jpeg,door_dent
361,361.jpeg,bumper_dent
362,362.jpeg,total_loss
363,363.jpeg,glass_shatter
364,364.jpeg,head_lamp
365,365.jpeg,total_loss
366,366.jpeg,no_damage
367,367.jpeg,bumper_dent
368,368.jpeg,bumper_dent
369,369.jpeg,bumper_dent
370,370.jpeg,no_damage
371,371.jpeg,no_damage
372,372.jpeg,head_lamp
373,373.jpeg,glass_shatter
374,374.jpeg,head_lamp
375,375.jpeg,door_scratch
376,376.jpeg,head_lamp
377,377.jpeg,glass_shatter
378,378.jpeg,glass_shatter
379,379.jpeg,head_lamp
380,380.jpeg,no_damage
381,381.jpeg,no_damage
382,382.jpeg,no_damage
383,383.jpeg,total_loss
384,384.jpeg,no_damage
385,385.jpeg,glass_shatter
386,386.jpeg,head_lamp
387,387.jpeg,tail_lamp
388,388.jpeg,head_lamp
389,389.jpeg,bumper_dent
390,390.jpeg,door_scratch
391,391.jpeg,total_loss
392,392.jpeg,bumper_dent
393,393.jpeg,bumper_scratch
394,394.jpeg,no_damage
395,395.jpeg,no_damage
396,396.jpeg,door_dent
397,397.jpeg,bumper_dent
398,398.jpeg,no_damage
399,399.jpeg,total_loss
400,400.jpeg,total_loss
401,401.jpeg,head_lamp
402,402.jpeg,no_damage
403,403.jpeg,total_loss
404,404.jpeg,no_damage
405,405.jpeg,no_damage
406,406.jpeg,glass_shatter
407,407.jpeg,door_dent
408,408.jpeg,tail_lamp
409,409.jpeg,door_scratch
410,410.jpeg,bumper_scratch
411,411.jpeg,glass_shatter
412,412.jpeg,total_loss
413,413.jpeg,bumper_dent
414,414.jpeg,bumper_scratch
415,415.jpeg,door_dent
416,416.jpeg,total_loss
417,417.jpeg,door_dent
418,418.jpeg,door_dent
419,419.jpeg,bumper_dent
420,420.jpeg,door_dent
421,421.jpeg,door_dent
422,422.jpeg,tail_lamp
423,423.jpeg,no_damage
424,424.jpeg,tail_lamp
425,425.jpeg,glass_shatter
426,426.jpeg,door_scratch
427,427.jpeg,glass_shatter
428,428.jpeg,total_loss
429,429.jpeg,door_scratch
430,430.jpeg,no_damage
431,431.jpeg,glass_shatter
432,432.jpeg,total_loss
433,433.jpeg,total_loss
434,434.jpeg,head_lamp
435,435.jpeg,glass_shatter
436,436.jpeg,bumper_scratch
437,437.jpeg,door_scratch
438,438.jpeg,tail_lamp
439,439.jpeg,bumper_scratch
440,440.jpeg,total_loss
441,441.jpeg,door_scratch
442,442.jpeg,no_damage
443,443.jpeg,no_damage
444,444.jpeg,bumper_dent
445,445.jpeg,head_lamp
446,446.jpeg,door_dent
447,447.jpeg,total_loss
448,448.jpeg,door_dent
449,449.jpeg,bumper_dent
450,450.jpeg,door_dent
451,451.jpeg,tail_lamp
452,452.jpeg,no_damage
453,453.jpeg,tail_lamp
454,454.jpeg,glass_shatter
455,455.jpeg,head_lamp
456,456.jpeg,door_dent
457,457.jpeg,head_lamp
458,458.jpeg,door_dent
459,459.jpeg,head_lamp
460,460.jpeg,head_lamp
461,461.jpeg,door_dent
462,462.jpeg,door_dent
463,463.jpeg,door_scratch
464,464.jpeg,tail_lamp
465,465.jpeg,no_damage
466,466.jpeg,glass_shatter
467,467.jpeg,door_dent
468,468.jpeg,door_dent
469,469.jpeg,tail_lamp
470,470.jpeg,tail_lamp
471,471.jpeg,no_damage
472,472.jpeg,no_damage
473,473.jpeg,tail_lamp
474,474.jpeg,no_damage
475,475.jpeg,door_dent
476,476.jpeg,bumper_scratch
477,477.jpeg,head_lamp
478,478.jpeg,no_damage
479,479.jpeg,total_loss
480,480.jpeg,door_dent
481,481.jpeg,tail_lamp
482,482.jpeg,glass_shatter
483,483.jpeg,total_loss
484,484.jpeg,glass_shatter
485,485.jpeg,glass_shatter
486,486.jpeg,door_scratch
487,487.jpeg,head_lamp
488,488.jpeg,head_lamp
489,489.jpeg,glass_shatter
490,490.jpeg,door_dent
491,491.jpeg,no_damage
492,492.jpeg,door_dent
493,493.jpeg,head_lamp
494,494.jpeg,door_dent
495,495.jpeg,total_loss
496,496.jpeg,glass_shatter
497,497.jpeg,bumper_dent
498,498.jpeg,head_lamp
499,499.jpeg,bumper_scratch
500,500.jpeg,no_damage
501,501.jpeg,door_scratch
502,502.jpeg,no_damage
503,503.jpeg,total_loss
504,504.jpeg,bumper_dent
505,505.jpeg,total_loss
506,506.jpeg,head_lamp
507,507.jpeg,glass_shatter
508,508.jpeg,bumper_scratch
509,509.jpeg,door_scratch
510,510.jpeg,door_scratch
511,511.jpeg,no_damage
512,512.jpeg,tail_lamp
513,513.jpeg,bumper_dent
514,514.jpeg,glass_shatter
515,515.jpeg,total_loss
516,516.jpeg,tail_lamp
517,517.jpeg,tail_lamp
518,518.jpeg,tail_lamp
519,519.jpeg,glass_shatter
520,520.jpeg,glass_shatter
521,521.jpeg,door_scratch
522,522.jpeg,no_damage
523,523.jpeg,total_loss
524,524.jpeg,glass_shatter
525,525.jpeg,door_scratch
526,526.jpeg,door_dent
527,527.jpeg,head_lamp
528,528.jpeg,no_damage
529,529.jpeg,door_scratch
530,530.jpeg,no_damage
531,531.jpeg,bumper_dent
532,532.jpeg,no_damage
533,533.jpeg,bumper_dent
534,534.jpeg,door_dent
535,535.jpeg,bumper_scratch
536,536.jpeg,head_lamp
537,537.jpeg,tail_lamp
538,538.jpeg,no_damage
539,539.jpeg,no_damage
540,540.jpeg,bumper_dent
541,541.jpeg,total_loss
542,542.jpeg,total_loss
543,543.jpeg,no_damage
544,544.jpeg,no_damage
545,545.jpeg,no_damage
546,546.jpeg,total_loss
547,547.jpeg,head_lamp
548,548.jpeg,tail_lamp
549,549.jpeg,total_loss
550,550.jpeg,door_dent
551,551.jpeg,door_dent
552,552.jpeg,head_lamp
553,553.jpeg,total_loss
554,554.jpeg,door_scratch
555,555.jpeg,glass_shatter
556,556.jpeg,no_damage
557,557.jpeg,total_loss
558,558.jpeg,door_dent
559,559.jpeg,door_scratch
560,560.jpeg,glass_shatter
561,561.jpeg,bumper_dent
562,562.jpeg,glass_shatter
563,563.jpeg,total_loss
564,564.jpeg,tail_lamp
565,565.jpeg,total_loss
566,566.jpeg,door_scratch
567,567.jpeg,total_loss
568,568.jpeg,total_loss
569,569.jpeg,glass_shatter
570,570.jpeg,head_lamp
571,571.jpeg,no_damage
572,572.jpeg,door_scratch
573,573.jpeg,bumper_scratch
574,574.jpeg,door_dent
575,575.jpeg,bumper_scratch
576,576.jpeg,bumper_dent
577,577.jpeg,glass_shatter
578,578.jpeg,bumper_dent
579,579.jpeg,head_lamp
580,580.jpeg,head_lamp
581,581.jpeg,bumper_dent
582,582.jpeg,total_loss
583,583.jpeg,total_loss
584,584.jpeg,no_damage
585,585.jpeg,no_damage
586,586.jpeg,bumper_dent
587,587.jpeg,tail_lamp
588,588.jpeg,door_dent
589,589.jpeg,bumper_scratch
590,590.jpeg,head_lamp
591,591.jpeg,head_lamp
592,592.jpeg,door_scratch
593,593.jpeg,door_scratch
594,594.jpeg,door_dent
595,595.jpeg,door_scratch
596,596.jpeg,glass_shatter
597,597.jpeg,no_damage
598,598.jpeg,bumper_dent
599,599.jpeg,no_damage
600,600.jpeg,no_damage
601,601.jpeg,door_dent
602,602.jpeg,total_loss
603,603.jpeg,head_lamp
604,604.jpeg,total_loss
605,605.jpeg,total_loss
606,606.jpeg,no_damage
607,607.jpeg,bumper_scratch
608,608.jpeg,door_scratch
609,609.jpeg,door_dent
610,610.jpeg,total_loss
611,611.jpeg,door_scratch
612,612.jpeg,tail_lamp
613,613.jpeg,no_damage
614,614.jpeg,tail_lamp
615,615.jpeg,no_damage
616,616.jpeg,no_damage
617,617.jpeg,no_damage
618,618.jpeg,bumper_scratch
619,619.jpeg,total_loss
620,620.jpeg,no_damage
621,621.jpeg,glass_shatter
622,622.jpeg,tail_lamp
623,623.jpeg,head_lamp
624,624.jpeg,door_scratch
625,625.jpeg,no_damage
626,626.jpeg,glass_shatter
627,627.jpeg,bumper_scratch
628,628.jpeg,no_damage
629,629.jpeg,bumper_dent
630,630.jpeg,door_scratch
631,631.jpeg,bumper_scratch
632,632.jpeg,total_loss
633,633.jpeg,no_damage
634,634.jpeg,head_lamp
635,635.jpeg,door_scratch
636,636.jpeg,no_damage
637,637.jpeg,total_loss
638,638.jpeg,no_damage
639,639.jpeg,glass_shatter
640,640.jpeg,door_scratch
641,641.jpeg,door_scratch
642,642.jpeg,bumper_dent
643,643.jpeg,door_dent
644,644.jpeg,tail_lamp
645,645.jpeg,tail_lamp
646,646.jpeg,total_loss
647,647.jpeg,tail_lamp
648,648.jpeg,bumper_scratch
649,649.jpeg,door_dent
650,650.jpeg,head_lamp
651,651.jpeg,tail_lamp
652,652.jpeg,glass_shatter
653,653.jpeg,no_damage
654,654.jpeg,bumper_dent
655,655.jpeg,total_loss
656,656.jpeg,head_lamp
657,657.jpeg,door_dent
658,658.jpeg,total_loss
659,659.jpeg,door_dent
660,660.jpeg,no_damage
661,661.jpeg,no_damage
662,662.jpeg,door_scratch
663,663.jpeg,glass_shatter
664,664.jpeg,no_damage
665,665.jpeg,no_damage
666,666.jpeg,bumper_dent
667,667.jpeg,bumper_dent
668,668.jpeg,head_lamp
669,669.jpeg,head_lamp
670,670.jpeg,no_damage
671,671.jpeg,total_loss
672,672.jpeg,head_lamp
673,673.jpeg,door_scratch
674,674.jpeg,no_damage
675,675.jpeg,door_dent
676,676.jpeg,no_damage
677,677.jpeg,no_damage
678,678.jpeg,glass_shatter
679,679.jpeg,no_damage
680,680.jpeg,bumper_dent
681,681.jpeg,head_lamp
682,682.jpeg,head_lamp
683,683.jpeg,glass_shatter
684,684.jpeg,no_damage
685,685.jpeg,no_damage
686,686.jpeg,head_lamp
687,687.jpeg,door_scratch
688,688.jpeg,glass_shatter
689,689.jpeg,total_loss
690,690.jpeg,total_loss
691,691.jpeg,tail_lamp
692,692.jpeg,tail_lamp
693,693.jpeg,bumper_dent
694,694.jpeg,tail_lamp
695,695.jpeg,tail_lamp
696,696.jpeg,head_lamp
697,697.jpeg,head_lamp
698,698.jpeg,door_dent
699,699.jpeg,head_lamp
700,700.jpeg,no_damage
701,701.jpeg,bumper_dent
702,702.jpeg,door_dent
703,703.jpeg,bumper_dent
704,704.jpeg,head_lamp
705,705.jpeg,total_loss
706,706.jpeg,no_damage
707,707.jpeg,tail_lamp
708,708.jpeg,door_scratch
709,709.jpeg,no_damage
710,710.jpeg,no_damage
711,711.jpeg,head_lamp
712,712.jpeg,glass_shatter
713,713.jpeg,total_loss
714,714.jpeg,bumper_scratch
715,715.jpeg,no_damage
716,716.jpeg,tail_lamp
717,717.jpeg,no_damage
718,718.jpeg,tail_lamp
719,719.jpeg,door_dent
720,720.jpeg,door_dent
721,721.jpeg,door_dent
722,722.jpeg,total_loss
723,723.jpeg,tail_lamp
724,724.jpeg,glass_shatter
725,725.jpeg,door_scratch
726,726.jpeg,total_loss
727,727.jpeg,tail_lamp
728,728.jpeg,bumper_scratch
729,729.jpeg,door_scratch
730,730.jpeg,bumper_dent
731,731.jpeg,total_loss
732,732.jpeg,total_loss
733,733.jpeg,door_dent
734,734.jpeg,head_lamp
735,735.jpeg,door_scratch
736,736.jpeg,bumper_scratch
737,737.jpeg,door_dent
738,738.jpeg,total_loss
739,739.jpeg,door_dent
740,740.jpeg,door_scratch
741,741.jpeg,no_damage
742,742.jpeg,door_dent
743,743.jpeg,no_damage
744,744.jpeg,total_loss
745,745.jpeg,door_dent
746,746.jpeg,no_damage
747,747.jpeg,door_dent
748,748.jpeg,bumper_scratch
749,749.jpeg,no_damage
750,750.jpeg,total_loss
751,751.jpeg,no_damage
752,752.jpeg,total_loss
753,753.jpeg,total_loss
754,754.jpeg,glass_shatter
755,755.jpeg,no_damage
756,756.jpeg,no_damage
757,757.jpeg,no_damage
758,758.jpeg,bumper_scratch
759,759.jpeg,no_damage
760,760.jpeg,tail_lamp
761,761.jpeg,glass_shatter
762,762.jpeg,door_dent
763,763.jpeg,no_damage
764,764.jpeg,bumper_scratch
765,765.jpeg,bumper_dent
766,766.jpeg,door_dent
767,767.jpeg,bumper_dent
768,768.jpeg,total_loss
769,769.jpeg,glass_shatter
770,770.jpeg,head_lamp
771,771.jpeg,no_damage
772,772.jpeg,no_damage
773,773.jpeg,head_lamp
774,774.jpeg,tail_lamp
775,775.jpeg,door_scratch
776,776.jpeg,bumper_scratch
777,777.jpeg,head_lamp
778,778.jpeg,head_lamp
779,779.jpeg,glass_shatter
780,780.jpeg,no_damage
781,781.jpeg,bumper_scratch
782,782.jpeg,door_dent
783,783.jpeg,no_damage
784,784.jpeg,bumper_scratch
785,785.jpeg,bumper_scratch
786,786.jpeg,door_dent
787,787.jpeg,head_lamp
788,788.jpeg,door_dent
789,789.jpeg,glass_shatter
790,790.jpeg,tail_lamp
791,791.jpeg,total_loss
792,792.jpeg,door_dent
793,793.jpeg,no_damage
794,794.jpeg,door_dent
795,795.jpeg,door_scratch
796,796.jpeg,no_damage
797,797.jpeg,head_lamp
798,798.jpeg,no_damage
799,799.jpeg,door_dent
800,800.jpeg,head_lamp
801,801.jpeg,tail_lamp
802,802.jpeg,bumper_dent
803,803.jpeg,no_damage
804,804.jpeg,door_dent
805,805.jpeg,total_loss
806,806.jpeg,total_loss
807,807.jpeg,tail_lamp
808,808.jpeg,no_damage
809,809.jpeg,door_scratch
810,810.jpeg,glass_shatter
811,811.jpeg,door_dent
812,812.jpeg,door_dent
813,813.jpeg,bumper_scratch
814,814.jpeg,bumper_dent
815,815.jpeg,bumper_dent
816,816.jpeg,bumper_scratch
817,817.jpeg,tail_lamp
818,818.jpeg,bumper_scratch
819,819.jpeg,no_damage
820,820.jpeg,door_dent
821,821.jpeg,glass_shatter
822,822.jpeg,no_damage
823,823.jpeg,head_lamp
824,824.jpeg,no_damage
825,825.jpeg,glass_shatter
826,826.jpeg,no_damage
827,827.jpeg,no_damage
828,828.jpeg,door_dent
829,829.jpeg,door_scratch
830,830.jpeg,total_loss
831,831.jpeg,door_scratch
832,832.jpeg,glass_shatter
833,833.jpeg,door_dent
834,834.jpeg,head_lamp
835,835.jpeg,glass_shatter
836,836.jpeg,tail_lamp
837,837.jpeg,bumper_dent
838,838.jpeg,total_loss
839,839.jpeg,total_loss
840,840.jpeg,tail_lamp
841,841.jpeg,no_damage
842,842.jpeg,glass_shatter
843,843.jpeg,glass_shatter
844,844.jpeg,door_dent
845,845.jpeg,total_loss
846,846.jpeg,door_dent
847,847.jpeg,head_lamp
848,848.jpeg,door_dent
849,849.jpeg,door_dent
850,850.jpeg,door_scratch
851,851.jpeg,no_damage
852,852.jpeg,no_damage
853,853.jpeg,total_loss
854,854.jpeg,door_scratch
855,855.jpeg,no_damage
856,856.jpeg,head_lamp
857,857.jpeg,tail_lamp
858,858.jpeg,glass_shatter
859,859.jpeg,total_loss
860,860.jpeg,door_dent
861,861.jpeg,door_scratch
862,862.jpeg,head_lamp
863,863.jpeg,head_lamp
864,864.jpeg,total_loss
865,865.jpeg,head_lamp
866,866.jpeg,bumper_scratch
867,867.jpeg,glass_shatter
868,868.jpeg,door_scratch
869,869.jpeg,door_scratch
870,870.jpeg,tail_lamp
871,871.jpeg,no_damage
872,872.jpeg,no_damage
873,873.jpeg,door_scratch
874,874.jpeg,bumper_dent
875,875.jpeg,bumper_scratch
876,876.jpeg,tail_lamp
877,877.jpeg,no_damage
878,878.jpeg,total_loss
879,879.jpeg,door_scratch
880,880.jpeg,no_damage
881,881.jpeg,door_dent
882,882.jpeg,bumper_dent
883,883.jpeg,door_scratch
884,884.jpeg,bumper_dent
885,885.jpeg,tail_lamp
886,886.jpeg,no_damage
887,887.jpeg,head_lamp
888,888.jpeg,bumper_dent
889,889.jpeg,no_damage
890,890.jpeg,door_dent
891,891.jpeg,door_scratch
892,892.jpeg,glass_shatter
893,893.jpeg,tail_lamp
894,894.jpeg,tail_lamp
895,895.jpeg,head_lamp
896,896.jpeg,no_damage
897,897.jpeg,door_dent
898,898.jpeg,door_dent
899,899.jpeg,tail_lamp
900,900.jpeg,door_dent
901,901.jpeg,head_lamp
902,902.jpeg,tail_lamp
903,903.jpeg,tail_lamp
904,904.jpeg,no_damage
905,905.jpeg,tail_lamp
906,906.jpeg,head_lamp
907,907.jpeg,bumper_scratch
908,908.jpeg,no_damage
909,909.jpeg,door_dent
910,910.jpeg,no_damage
911,911.jpeg,glass_shatter
912,912.jpeg,no_damage
913,913.jpeg,no_damage
914,914.jpeg,bumper_dent
915,915.jpeg,bumper_dent
916,916.jpeg,bumper_dent
917,917.jpeg,total_loss
918,918.jpeg,no_damage
919,919.jpeg,total_loss
920,920.jpeg,bumper_scratch
921,921.jpeg,glass_shatter
922,922.jpeg,total_loss
923,923.jpeg,door_scratch
924,924.jpeg,no_damage
925,925.jpeg,door_dent
926,926.jpeg,door_scratch
927,927.jpeg,no_damage
928,928.jpeg,no_damage
929,929.jpeg,no_damage
930,930.jpeg,total_loss
931,931.jpeg,no_damage
932,932.jpeg,door_scratch
933,933.jpeg,door_dent
934,934.jpeg,bumper_scratch
935,935.jpeg,total_loss
936,936.jpeg,no_damage
937,937.jpeg,no_damage
938,938.jpeg,total_loss
939,939.jpeg,no_damage
940,940.jpeg,total_loss
941,941.jpeg,door_dent
942,942.jpeg,no_damage
943,943.jpeg,door_scratch
944,944.jpeg,no_damage
945,945.jpeg,door_scratch
946,946.jpeg,door_dent
947,947.jpeg,door_scratch
948,948.jpeg,bumper_dent
949,949.jpeg,no_damage
950,950.jpeg,bumper_dent
951,951.jpeg,no_damage
952,952.jpeg,total_loss
953,953.jpeg,door_dent
954,954.jpeg,no_damage
955,955.jpeg,door_dent
956,956.jpeg,door_scratch
957,957.jpeg,no_damage
958,958.jpeg,bumper_scratch
959,959.jpeg,bumper_scratch
960,960.jpeg,bumper_scratch
961,961.jpeg,tail_lamp
962,962.jpeg,bumper_dent
963,963.jpeg,no_damage
964,964.jpeg,no_damage
965,965.jpeg,door_dent
966,966.jpeg,bumper_dent
967,967.jpeg,no_damage
968,968.jpeg,tail_lamp
969,969.jpeg,bumper_scratch
970,970.jpeg,no_damage
971,971.jpeg,no_damage
972,972.jpeg,total_loss
973,973.jpeg,total_loss
974,974.jpeg,tail_lamp
975,975.jpeg,total_loss
976,976.jpeg,door_dent
977,977.jpeg,bumper_dent
978,978.jpeg,total_loss
979,979.jpeg,door_dent
980,980.jpeg,no_damage
981,981.jpeg,total_loss
982,982.jpeg,tail_lamp
983,983.jpeg,tail_lamp
984,984.jpeg,head_lamp
985,985.jpeg,total_loss
986,986.jpeg,bumper_dent
987,987.jpeg,door_dent
988,988.jpeg,head_lamp
989,989.jpeg,glass_shatter
990,990.jpeg,no_damage
991,991.jpeg,bumper_dent
992,992.jpeg,no_damage
993,993.jpeg,head_lamp
994,994.jpeg,total_loss
995,995.jpeg,glass_shatter
996,996.jpeg,bumper_dent
997,997.jpeg,tail_lamp
998,998.jpeg,door_dent
999,999.jpeg,no_damage
1000,1000.jpeg,door_scratch
1001,1001.jpeg,door_scratch
1002,1002.jpeg,bumper_dent
1003,1003.jpeg,no_damage
1004,1004.jpeg,tail_lamp
1005,1005.jpeg,door_dent
1006,1006.jpeg,bumper_dent
1007,1007.jpeg,glass_shatter
1008,1008.jpeg,bumper_scratch
1009,1009.jpeg,head_lamp
1010,1010.jpeg,glass_shatter
1011,1011.jpeg,door_scratch
1012,1012.jpeg,door_scratch
1013,1013.jpeg,door_dent
1014,1014.jpeg,no_damage
1015,1015.jpeg,door_dent
1016,1016.jpeg,no_damage
1017,1017.jpeg,bumper_dent
1018,1018.jpeg,tail_lamp
1019,1019.jpeg,tail_lamp
1020,1020.jpeg,bumper_dent
1021,1021.jpeg,door_scratch
1022,1022.jpeg,head_lamp
1023,1023.jpeg,door_scratch
1024,1024.jpeg,door_scratch
1025,1025.jpeg,bumper_scratch
1026,1026.jpeg,glass_shatter
1027,1027.jpeg,no_damage
1028,1028.jpeg,tail_lamp
1029,1029.jpeg,no_damage
1030,1030.jpeg,no_damage
1031,1031.jpeg,total_loss
1032,1032.jpeg,glass_shatter
1033,1033.jpeg,door_dent
1034,1034.jpeg,tail_lamp
1035,1035.jpeg,glass_shatter
1036,1036.jpeg,no_damage
1037,1037.jpeg,no_damage
1038,1038.jpeg,door_scratch
1039,1039.jpeg,tail_lamp
1040,1040.jpeg,no_damage
1041,1041.jpeg,total_loss
1042,1042.jpeg,door_scratch
1043,1043.jpeg,door_dent
1044,1044.jpeg,head_lamp
1045,1045.jpeg,glass_shatter
1046,1046.jpeg,no_damage
1047,1047.jpeg,door_scratch
1048,1048.jpeg,door_dent
1049,1049.jpeg,glass_shatter
1050,1050.jpeg,total_loss
1051,1051.jpeg,no_damage
1052,1052.jpeg,no_damage
1053,1053.jpeg,total_loss
1054,1054.jpeg,no_damage
1055,1055.jpeg,bumper_dent
1056,1056.jpeg,no_damage
1057,1057.jpeg,door_dent
1058,1058.jpeg,bumper_dent
1059,1059.jpeg,no_damage
1060,1060.jpeg,tail_lamp
1061,1061.jpeg,total_loss
1062,1062.jpeg,no_damage
1063,1063.jpeg,total_loss
1064,1064.jpeg,no_damage
1065,1065.jpeg,bumper_scratch
1066,1066.jpeg,total_loss
1067,1067.jpeg,no_damage
1068,1068.jpeg,bumper_dent
1069,1069.jpeg,door_scratch
1070,1070.jpeg,glass_shatter
1071,1071.jpeg,total_loss
1072,1072.jpeg,head_lamp
1073,1073.jpeg,glass_shatter
1074,1074.jpeg,total_loss
1075,1075.jpeg,bumper_dent
1076,1076.jpeg,no_damage
1077,1077.jpeg,total_loss
1078,1078.jpeg,no_damage
1079,1079.jpeg,bumper_dent
1080,1080.jpeg,no_damage
1081,1081.jpeg,glass_shatter
1082,1082.jpeg,door_scratch
1083,1083.jpeg,no_damage
1084,1084.jpeg,tail_lamp
1085,1085.jpeg,tail_lamp
1086,1086.jpeg,door_dent
1087,1087.jpeg,tail_lamp
1088,1088.jpeg,tail_lamp
1089,1089.jpeg,door_dent
1090,1090.jpeg,door_dent
1091,1091.jpeg,glass_shatter
1092,1092.jpeg,bumper_dent
1093,1093.jpeg,tail_lamp
1094,1094.jpeg,no_damage
1095,1095.jpeg,door_scratch
1096,1096.jpeg,no_damage
1097,1097.jpeg,glass_shatter
1098,1098.jpeg,total_loss
1099,1099.jpeg,door_dent
1100,1100.jpeg,tail_lamp
1101,1101.jpeg,glass_shatter
1102,1102.jpeg,no_damage
1103,1103.jpeg,door_dent
1104,1104.jpeg,no_damage
1105,1105.jpeg,total_loss
1106,1106.jpeg,door_scratch
1107,1107.jpeg,head_lamp
1108,1108.jpeg,total_loss
1109,1109.jpeg,head_lamp
1110,1110.jpeg,door_scratch
1111,1111.jpeg,glass_shatter
1112,1112.jpeg,no_damage
1113,1113.jpeg,tail_lamp
1114,1114.jpeg,door_scratch
1115,1115.jpeg,no_damage
1116,1116.jpeg,glass_shatter
1117,1117.jpeg,total_loss
1118,1118.jpeg,total_loss
1119,1119.jpeg,door_scratch
1120,1120.jpeg,bumper_dent
1121,1121.jpeg,total_loss
1122,1122.jpeg,door_dent
1123,1123.jpeg,head_lamp
1124,1124.jpeg,total_loss
1125,1125.jpeg,bumper_dent
1126,1126.jpeg,total_loss
1127,1127.jpeg,tail_lamp
1128,1128.jpeg,door_scratch
1129,1129.jpeg,glass_shatter
1130,1130.jpeg,no_damage
1131,1131.jpeg,tail_lamp
1132,1132.jpeg,total_loss
1133,1133.jpeg,no_damage
1134,1134.jpeg,bumper_scratch
1135,1135.jpeg,bumper_dent
1136,1136.jpeg,tail_lamp
1137,1137.jpeg,door_scratch
1138,1138.jpeg,door_dent
1139,1139.jpeg,door_scratch
1140,1140.jpeg,head_lamp
1141,1141.jpeg,door_scratch
1142,1142.jpeg,total_loss
1143,1143.jpeg,total_loss
1144,1144.jpeg,head_lamp
1145,1145.jpeg,door_scratch
1146,1146.jpeg,bumper_dent
1147,1147.jpeg,door_scratch
1148,1148.jpeg,no_damage
1149,1149.jpeg,no_damage
1150,1150.jpeg,total_loss
1151,1151.jpeg,tail_lamp
1152,1152.jpeg,bumper_scratch
1153,1153.jpeg,door_scratch
1154,1154.jpeg,door_dent
1155,1155.jpeg,door_dent
1156,1156.jpeg,total_loss
1157,1157.jpeg,no_damage
1158,1158.jpeg,head_lamp
1159,1159.jpeg,total_loss
1160,1160.jpeg,no_damage
1161,1161.jpeg,no_damage
1162,1162.jpeg,bumper_dent
1163,1163.jpeg,glass_shatter
1164,1164.jpeg,no_damage
1165,1165.jpeg,door_scratch
1166,1166.jpeg,bumper_dent
1167,1167.jpeg,no_damage
1168,1168.jpeg,no_damage
1169,1169.jpeg,no_damage
1170,1170.jpeg,no_damage
1171,1171.jpeg,bumper_dent
1172,1172.jpeg,glass_shatter
1173,1173.jpeg,door_dent
1174,1174.jpeg,tail_lamp
1175,1175.jpeg,no_damage
1176,1176.jpeg,no_damage
1177,1177.jpeg,head_lamp
1178,1178.jpeg,no_damage
1179,1179.jpeg,head_lamp
1180,1180.jpeg,door_scratch
1181,1181.jpeg,no_damage
1182,1182.jpeg,no_damage
1183,1183.jpeg,no_damage
1184,1184.jpeg,no_damage
1185,1185.jpeg,bumper_scratch
1186,1186.jpeg,bumper_dent
1187,1187.jpeg,door_dent
1188,1188.jpeg,total_loss
1189,1189.jpeg,bumper_dent
1190,1190.jpeg,no_damage
1191,1191.jpeg,tail_lamp
1192,1192.jpeg,door_scratch
1193,1193.jpeg,total_loss
1194,1194.jpeg,no_damage
1195,1195.jpeg,tail_lamp
1196,1196.jpeg,tail_lamp
1197,1197.jpeg,total_loss
1198,1198.jpeg,bumper_dent
1199,1199.jpeg,door_dent
1200,1200.jpeg,glass_shatter
1201,1201.jpeg,tail_lamp
1202,1202.jpeg,no_damage
1203,1203.jpeg,door_dent
1204,1204.jpeg,no_damage
1205,1205.jpeg,door_dent
1206,1206.jpeg,total_loss
1207,1207.jpeg,no_damage
1208,1208.jpeg,no_damage
1209,1209.jpeg,bumper_dent
1210,1210.jpeg,total_loss
1211,1211.jpeg,no_damage
1212,1212.jpeg,no_damage
1213,1213.jpeg,door_scratch
1214,1214.jpeg,glass_shatter
1215,1215.jpeg,no_damage
1216,1216.jpeg,door_dent
1217,1217.jpeg,door_dent
1218,1218.jpeg,total_loss
1219,1219.jpeg,door_dent
1220,1220.jpeg,door_dent
1221,1221.jpeg,head_lamp
1222,1222.jpeg,door_scratch
1223,1223.jpeg,tail_lamp
1224,1224.jpeg,glass_shatter
1225,1225.jpeg,door_dent
1226,1226.jpeg,glass_shatter
1227,1227.jpeg,door_scratch
1228,1228.jpeg,no_damage
1229,1229.jpeg,bumper_scratch
1230,1230.jpeg,tail_lamp
1231,1231.jpeg,bumper_dent
1232,1232.jpeg,no_damage
1233,1233.jpeg,no_damage
1234,1234.jpeg,no_damage
1235,1235.jpeg,bumper_scratch
1236,1236.jpeg,total_loss
1237,1237.jpeg,total_loss
1238,1238.jpeg,door_scratch
1239,1239.jpeg,no_damage
1240,1240.jpeg,tail_lamp
1241,1241.jpeg,door_dent
1242,1242.jpeg,door_scratch
1243,1243.jpeg,glass_shatter
1244,1244.jpeg,door_scratch
1245,1245.jpeg,door_dent
1246,1246.jpeg,no_damage
1247,1247.jpeg,total_loss
1248,1248.jpeg,bumper_scratch
1249,1249.jpeg,head_lamp
1250,1250.jpeg,total_loss
1251,1251.jpeg,tail_lamp
1252,1252.jpeg,no_damage
1253,1253.jpeg,door_dent
1254,1254.jpeg,no_damage
1255,1255.jpeg,no_damage
1256,1256.jpeg,tail_lamp
1257,1257.jpeg,no_damage
1258,1258.jpeg,head_lamp
1259,1259.jpeg,bumper_dent
1260,1260.jpeg,head_lamp
1261,1261.jpeg,head_lamp
1262,1262.jpeg,tail_lamp
1263,1263.jpeg,total_loss
1264,1264.jpeg,no_damage
1265,1265.jpeg,total_loss
1266,1266.jpeg,tail_lamp
1267,1267.jpeg,head_lamp
1268,1268.jpeg,total_loss
1269,1269.jpeg,tail_lamp
1270,1270.jpeg,no_damage
1271,1271.jpeg,bumper_dent
1272,1272.jpeg,door_dent
1273,1273.jpeg,no_damage
1274,1274.jpeg,head_lamp
1275,1275.jpeg,tail_lamp
1276,1276.jpeg,door_dent
1277,1277.jpeg,bumper_scratch
1278,1278.jpeg,total_loss
1279,1279.jpeg,door_dent
1280,1280.jpeg,no_damage
1281,1281.jpeg,door_scratch
1282,1282.jpeg,no_damage
1283,1283.jpeg,tail_lamp
1284,1284.jpeg,door_dent
1285,1285.jpeg,no_damage
1286,1286.jpeg,no_damage
1287,1287.jpeg,door_scratch
1288,1288.jpeg,total_loss
1289,1289.jpeg,glass_shatter
1290,1290.jpeg,head_lamp
1291,1291.jpeg,door_dent
1292,1292.jpeg,head_lamp
1293,1293.jpeg,total_loss
1294,1294.jpeg,no_damage
1295,1295.jpeg,no_damage
1296,1296.jpeg,total_loss
1297,1297.jpeg,tail_lamp
1298,1298.jpeg,door_scratch
1299,1299.jpeg,no_damage
1300,1300.jpeg,glass_shatter
1301,1301.jpeg,bumper_dent
1302,1302.jpeg,no_damage
1303,1303.jpeg,glass_shatter
1304,1304.jpeg,no_damage
1305,1305.jpeg,door_scratch
1306,1306.jpeg,head_lamp
1307,1307.jpeg,tail_lamp
1308,1308.jpeg,bumper_scratch
1309,1309.jpeg,bumper_dent
1310,1310.jpeg,bumper_scratch
1311,1311.jpeg,total_loss
1312,1312.jpeg,no_damage
1313,1313.jpeg,glass_shatter
1314,1314.jpeg,bumper_dent
1315,1315.jpeg,door_dent
1316,1316.jpeg,head_lamp
1317,1317.jpeg,tail_lamp
1318,1318.jpeg,bumper_dent
1319,1319.jpeg,total_loss
1320,1320.jpeg,bumper_dent
1321,1321.jpeg,no_damage
1322,1322.jpeg,no_damage
1323,1323.jpeg,door_scratch
1324,1324.jpeg,bumper_dent
1325,1325.jpeg,glass_shatter
1326,1326.jpeg,no_damage
1327,1327.jpeg,door_dent
1328,1328.jpeg,no_damage
1329,1329.jpeg,door_scratch
1330,1330.jpeg,no_damage
1331,1331.jpeg,glass_shatter
1332,1332.jpeg,bumper_dent
1333,1333.jpeg,tail_lamp
1334,1334.jpeg,no_damage
1335,1335.jpeg,door_scratch
1336,1336.jpeg,bumper_scratch
1337,1337.jpeg,no_damage
1338,1338.jpeg,glass_shatter
1339,1339.jpeg,bumper_scratch
1340,1340.jpeg,bumper_dent
1341,1341.jpeg,door_scratch
1342,1342.jpeg,total_loss
1343,1343.jpeg,door_dent
1344,1344.jpeg,total_loss
1345,1345.jpeg,glass_shatter
1346,1346.jpeg,head_lamp
1347,1347.jpeg,door_dent
1348,1348.jpeg,head_lamp
1349,1349.jpeg,door_scratch
1350,1350.jpeg,door_dent
1351,1351.jpeg,glass_shatter
1352,1352.jpeg,door_dent
1353,1353.jpeg,door_dent
1354,1354.jpeg,total_loss
1355,1355.jpeg,bumper_scratch
1356,1356.jpeg,bumper_dent
1357,1357.jpeg,total_loss
1358,1358.jpeg,bumper_dent
1359,1359.jpeg,bumper_dent
1360,1360.jpeg,door_dent
1361,1361.jpeg,total_loss
1362,1362.jpeg,glass_shatter
1363,1363.jpeg,total_loss
1364,1364.jpeg,bumper_dent
1365,1365.jpeg,bumper_dent
1366,1366.jpeg,bumper_scratch
1367,1367.jpeg,door_scratch
1368,1368.jpeg,no_damage
1369,1369.jpeg,no_damage
1370,1370.jpeg,head_lamp
1371,1371.jpeg,no_damage
1372,1372.jpeg,glass_shatter
1373,1373.jpeg,bumper_dent
1374,1374.jpeg,no_damage
1375,1375.jpeg,no_damage
1376,1376.jpeg,no_damage
1377,1377.jpeg,head_lamp
1378,1378.jpeg,bumper_dent
1379,1379.jpeg,door_scratch
1380,1380.jpeg,tail_lamp
1381,1381.jpeg,door_dent
1382,1382.jpeg,total_loss
1383,1383.jpeg,total_loss
1384,1384.jpeg,glass_shatter
1385,1385.jpeg,door_scratch
1386,1386.jpeg,door_dent
1387,1387.jpeg,total_loss
1388,1388.jpeg,no_damage
1389,1389.jpeg,bumper_dent
1390,1390.jpeg,no_damage
1391,1391.jpeg,glass_shatter
1392,1392.jpeg,bumper_scratch
1393,1393.jpeg,no_damage
1394,1394.jpeg,door_dent
1395,1395.jpeg,door_scratch
1396,1396.jpeg,glass_shatter
1397,1397.jpeg,door_dent
1398,1398.jpeg,total_loss
1399,1399.jpeg,bumper_scratch
1400,1400.jpeg,tail_lamp
1401,1401.jpeg,door_scratch
1402,1402.jpeg,door_dent
1403,1403.jpeg,total_loss
1404,1404.jpeg,no_damage
1405,1405.jpeg,glass_shatter
1406,1406.jpeg,tail_lamp
1407,1407.jpeg,no_damage
1408,1408.jpeg,head_lamp
1409,1409.jpeg,no_damage
1410,1410.jpeg,no_damage
1411,1411.jpeg,door_dent
1412,1412.jpeg,no_damage
1413,1413.jpeg,door_scratch
1414,1414.jpeg,bumper_dent
1415,1415.jpeg,bumper_dent
1416,1416.jpeg,bumper_dent
1417,1417.jpeg,no_damage
1418,1418.jpeg,door_dent
1419,1419.jpeg,door_dent
1420,1420.jpeg,total_loss
1421,1421.jpeg,no_damage
1422,1422.jpeg,no_damage
1423,1423.jpeg,total_loss
1424,1424.jpeg,bumper_dent
1425,1425.jpeg,tail_lamp
1426,1426.jpeg,total_loss
1427,1427.jpeg,tail_lamp
1428,1428.jpeg,total_loss
1429,1429.jpeg,door_dent
1430,1430.jpeg,tail_lamp
1431,1431.jpeg,bumper_scratch
1432,1432.jpeg,door_scratch
1433,1433.jpeg,no_damage
1434,1434.jpeg,door_dent
1435,1435.jpeg,no_damage
1436,1436.jpeg,door_dent
1437,1437.jpeg,bumper_scratch
1438,1438.jpeg,door_scratch
1439,1439.jpeg,door_dent
1440,1440.jpeg,total_loss
1441,1441.jpeg,total_loss
1442,1442.jpeg,glass_shatter
1443,1443.jpeg,no_damage
1444,1444.jpeg,head_lamp
1445,1445.jpeg,tail_lamp
1446,1446.jpeg,tail_lamp
1447,1447.jpeg,head_lamp
1448,1448.jpeg,glass_shatter
1449,1449.jpeg,door_scratch
1450,1450.jpeg,door_scratch
1451,1451.jpeg,glass_shatter
1452,1452.jpeg,head_lamp
1453,1453.jpeg,door_dent
1454,1454.jpeg,no_damage
1455,1455.jpeg,total_loss
1456,1456.jpeg,total_loss
1457,1457.jpeg,door_scratch
1458,1458.jpeg,glass_shatter
1459,1459.jpeg,door_dent
1460,1460.jpeg,door_scratch
1461,1461.jpeg,total_loss
1462,1462.jpeg,door_dent
1463,1463.jpeg,head_lamp
1464,1464.jpeg,total_loss
1465,1465.jpeg,head_lamp
1466,1466.jpeg,head_lamp
1467,1467.jpeg,no_damage
1468,1468.jpeg,head_lamp
1469,1469.jpeg,head_lamp
1470,1470.jpeg,total_loss
1471,1471.jpeg,no_damage
1472,1472.jpeg,head_lamp
1473,1473.jpeg,glass_shatter
1474,1474.jpeg,no_damage
1475,1475.jpeg,bumper_dent
1476,1476.jpeg,tail_lamp
1477,1477.jpeg,no_damage
1478,1478.jpeg,bumper_dent
1479,1479.jpeg,total_loss
1480,1480.jpeg,total_loss
1481,1481.jpeg,door_scratch
1482,1482.jpeg,tail_lamp
1483,1483.jpeg,total_loss
1484,1484.jpeg,door_dent
1485,1485.jpeg,door_dent
1486,1486.jpeg,total_loss
1487,1487.jpeg,no_damage
1488,1488.jpeg,no_damage
1489,1489.jpeg,total_loss
1490,1490.jpeg,glass_shatter
1491,1491.jpeg,no_damage
1492,1492.jpeg,no_damage
1493,1493.jpeg,head_lamp
1494,1494.jpeg,total_loss
1495,1495.jpeg,door_scratch
1496,1496.jpeg,total_loss
1497,1497.jpeg,bumper_scratch
1498,1498.jpeg,head_lamp
1499,1499.jpeg,door_scratch
1500,1500.jpeg,bumper_scratch
1501,1501.jpeg,door_dent
1502,1502.jpeg,tail_lamp
1503,1503.jpeg,tail_lamp
1504,1504.jpeg,tail_lamp
1505,1505.jpeg,no_damage
1506,1506.jpeg,door_scratch
1507,1507.jpeg,no_damage
1508,1508.jpeg,glass_shatter
1509,1509.jpeg,no_damage
1510,1510.jpeg,no_damage
1511,1511.jpeg,glass_shatter
1512,27.jpeg,bumper_scratch
1513,56.jpeg,bumper_scratch
1514,90.jpeg,bumper_scratch
1515,102.jpeg,bumper_scratch
1516,137.jpeg,bumper_scratch
1517,140.jpeg,bumper_scratch
1518,172.jpeg,bumper_scratch
1519,175.jpeg,bumper_scratch
1520,207.jpeg,bumper_scratch
1521,223.jpeg,bumper_scratch
1522,232.jpeg,bumper_scratch
1523,244.jpeg,bumper_scratch
1524,260.jpeg,bumper_scratch
1525,263.jpeg,bumper_scratch
1526,267.jpeg,bumper_scratch
1527,292.jpeg,bumper_scratch
1528,295.jpeg,bumper_scratch
1529,296.jpeg,bumper_scratch
1530,306.jpeg,bumper_scratch
1531,327.jpeg,bumper_scratch
1532,340.jpeg,bumper_scratch
1533,393.jpeg,bumper_scratch
1534,410.jpeg,bumper_scratch
1535,414.jpeg,bumper_scratch
1536,436.jpeg,bumper_scratch
1537,439.jpeg,bumper_scratch
1538,476.jpeg,bumper_scratch
1539,499.jpeg,bumper_scratch
1540,508.jpeg,bumper_scratch
1541,535.jpeg,bumper_scratch
1542,573.jpeg,bumper_scratch
1543,575.jpeg,bumper_scratch
1544,589.jpeg,bumper_scratch
1545,607.jpeg,bumper_scratch
1546,618.jpeg,bumper_scratch
1547,627.jpeg,bumper_scratch
1548,631.jpeg,bumper_scratch
1549,648.jpeg,bumper_scratch
1550,714.jpeg,bumper_scratch
1551,728.jpeg,bumper_scratch
1552,736.jpeg,bumper_scratch
1553,748.jpeg,bumper_scratch
1554,758.jpeg,bumper_scratch
1555,764.jpeg,bumper_scratch
1556,776.jpeg,bumper_scratch
1557,781.jpeg,bumper_scratch
1558,784.jpeg,bumper_scratch
1559,785.jpeg,bumper_scratch
1560,813.jpeg,bumper_scratch
1561,816.jpeg,bumper_scratch
1562,818.jpeg,bumper_scratch
1563,866.jpeg,bumper_scratch
1564,875.jpeg,bumper_scratch
1565,907.jpeg,bumper_scratch
1566,920.jpeg,bumper_scratch
1567,934.jpeg,bumper_scratch
1568,958.jpeg,bumper_scratch
1569,959.jpeg,bumper_scratch
1570,960.jpeg,bumper_scratch
1571,969.jpeg,bumper_scratch
1572,1008.jpeg,bumper_scratch
1573,1025.jpeg,bumper_scratch
1574,1065.jpeg,bumper_scratch
1575,1134.jpeg,bumper_scratch
1576,1152.jpeg,bumper_scratch
1577,1185.jpeg,bumper_scratch
1578,1229.jpeg,bumper_scratch
1579,1235.jpeg,bumper_scratch
1580,1248.jpeg,bumper_scratch
1581,1277.jpeg,bumper_scratch
1582,1308.jpeg,bumper_scratch
1583,1310.jpeg,bumper_scratch
1584,1336.jpeg,bumper_scratch
1585,1339.jpeg,bumper_scratch
1586,1355.jpeg,bumper_scratch
1587,1366.jpeg,bumper_scratch
1588,1392.jpeg,bumper_scratch
1589,1399.jpeg,bumper_scratch
1590,1431.jpeg,bumper_scratch
1591,1437.jpeg,bumper_scratch
1592,1497.jpeg,bumper_scratch
1593,1500.jpeg,bumper_scratch
